seed,table,method,value,lo,hi,chance,ceiling,n
0,overall,C1-dot,0.4042,,,0.0943,0.5815,16000
0,overall,C1-cosine,0.4042,,,0.0943,0.5815,16000
0,overall,TRAK,0.3993,,,0.0943,0.5815,16000
0,overall,norm-only,0.4218,,,0.0943,0.5815,16000
0,overall,local-buffer,0.0,,,0.0943,0.5815,16000
0,overall,TracInCP,0.402,,,0.0943,0.5815,16000
0,overall,random,0.0868,,,0.0943,0.5815,16000
0,early_nonzero,C1-dot,0.473,,,0.4716,0.5815,3200
0,early_nonzero,C1-cosine,0.473,,,0.4716,0.5815,3200
0,early_nonzero,TRAK,0.4823,,,0.4716,0.5815,3200
0,early_nonzero,norm-only,0.4662,,,0.4716,0.5815,3200
0,early_nonzero,local-buffer,0.4716,,,0.4716,0.5815,3200
0,early_nonzero,TracInCP,0.4722,,,0.4716,0.5815,3200
0,early_nonzero,random,0.4751,,,0.4716,0.5815,3200
1,overall,C1-dot,0.3825,,,0.0936,0.5721,16000
1,overall,C1-cosine,0.3825,,,0.0936,0.5721,16000
1,overall,TRAK,0.3841,,,0.0936,0.5721,16000
1,overall,norm-only,0.3961,,,0.0936,0.5721,16000
1,overall,local-buffer,0.0,,,0.0936,0.5721,16000
1,overall,TracInCP,0.3916,,,0.0936,0.5721,16000
1,overall,random,0.0995,,,0.0936,0.5721,16000
1,early_nonzero,C1-dot,0.4514,,,0.4678,0.5721,3200
1,early_nonzero,C1-cosine,0.4514,,,0.4678,0.5721,3200
1,early_nonzero,TRAK,0.4581,,,0.4678,0.5721,3200
1,early_nonzero,norm-only,0.4653,,,0.4678,0.5721,3200
1,early_nonzero,local-buffer,0.4678,,,0.4678,0.5721,3200
1,early_nonzero,TracInCP,0.4519,,,0.4678,0.5721,3200
1,early_nonzero,random,0.4756,,,0.4678,0.5721,3200
2,overall,C1-dot,0.421,,,0.0864,0.551,16000
2,overall,C1-cosine,0.421,,,0.0864,0.551,16000
2,overall,TRAK,0.415,,,0.0864,0.551,16000
2,overall,norm-only,0.3852,,,0.0864,0.551,16000
2,overall,local-buffer,0.0,,,0.0864,0.551,16000
2,overall,TracInCP,0.4127,,,0.0864,0.551,16000
2,overall,random,0.081,,,0.0864,0.551,16000
2,early_nonzero,C1-dot,0.4595,,,0.4322,0.551,3200
2,early_nonzero,C1-cosine,0.4595,,,0.4322,0.551,3200
2,early_nonzero,TRAK,0.4407,,,0.4322,0.551,3200
2,early_nonzero,norm-only,0.4495,,,0.4322,0.551,3200
2,early_nonzero,local-buffer,0.4322,,,0.4322,0.551,3200
2,early_nonzero,TracInCP,0.4515,,,0.4322,0.551,3200
2,early_nonzero,random,0.4425,,,0.4322,0.551,3200
2,mp_raw,GAS_centered,0.6689,0.6072,0.7257,,,882
2,mp_raw,C1_plain,0.6519,0.5912,0.7109,,,882
2,mp_raw,norm_only,0.7211,0.6645,0.7763,,,882
2,mp_raw,fluency,0.7245,0.6663,0.7777,,,882
2,mp_residualized,GAS_centered,0.6293,0.5612,0.6882,,,882
2,mp_residualized,C1_plain,0.6077,0.5484,0.6703,,,882
2,mp_residualized,norm_only,0.737,0.6837,0.7895,,,882
0_gen100,mp_raw_diag,GAS_centered,0.5329,0.4751,0.5902,,,471
0_gen100,mp_raw_diag,C1_plain,0.5329,0.4761,0.5915,,,471
0_gen100,mp_raw_diag,norm_only,0.5839,0.5044,0.6667,,,471
0_gen100,mp_raw_diag,fluency,0.8025,0.7474,0.8603,,,471
0_gen100,mp_residualized_diag,GAS_centered,0.4459,0.3881,0.5,,,471
0_gen100,mp_residualized_diag,C1_plain,0.4374,0.3786,0.5012,,,471
0_gen100,mp_residualized_diag,norm_only,0.6667,0.5879,0.7395,,,471
1_gen101,mp_raw_diag,GAS_centered,0.5683,0.4794,0.6626,,,454
1_gen101,mp_raw_diag,C1_plain,0.5529,0.4575,0.6513,,,454
1_gen101,mp_raw_diag,norm_only,0.489,0.4021,0.582,,,454
1_gen101,mp_raw_diag,fluency,0.793,0.7342,0.8523,,,454
1_gen101,mp_residualized_diag,GAS_centered,0.5264,0.4406,0.6147,,,454
1_gen101,mp_residualized_diag,C1_plain,0.5044,0.4166,0.5991,,,454
1_gen101,mp_residualized_diag,norm_only,0.5815,0.4975,0.6601,,,454
